S/N,NAMES,DESIGNATION,DATE OF BIRTH
1,ABDULLAHI FATIMAH,SA TO THE MD,28 August
2,OBINNA JULIAN,SMM,20 August
3,NOFIU MORUF PELUMI,AI PRODUCTIVITY SPECIALIST,14 April
4,BELLO BOLAJI,DATA/RISK ANALYST,14 October
5,PAUL FELIX E,SECURITY COORDINATOR,25 March
6,BOATENG ALFRED,WEBMASTER,15 June
7,UCHE OBI,CRM,1 February
8,ONAH VIVIAN,CRM,1 December
9,ONWUKA CELESTINA,BCD SUPERVISOR,21 October
10,ASIMIYU IDRIS,FIELD VERIFICATION OFFICER,6 August
11,IBHAZEBO GLORIA,BCD VERIFICATION OFFICER,21 February
12,TIAMIYA ABDULLATEEF,DVO - DATABASE VERIFICATION OFFICER,24 April
13,EBIWARI LAURETTA,VERIFICATION OFFICER,23 March
14,MARY ADEYEMO,VERIFICATION OFFICER,5 August
15,ESTHER ELIJAH,VERIFICATION OFFICER,10 April
16,ABU THOMAS OLUWABUKOLA,OPERATIONS MANAGER,14 May
17,KENNETH AKOR,OPERATIONS OFFICER,17 October
18,JOSHUA AJAYI,HR GENERALIST,7 August
19,MUTAIRU SODIQ,ACCOUNTANT,16 December
20,PAUL OPEOLU,IT SUPPORT,22 June
21,MR FEMI AJAYI,MANAGING DIRECTOR,29 August
22,EBERE EMELOGU,OFFICE ASSISTANT,8 August
